"Academy","Lab","Present","Missing","MissingCount"
"data-science","01-data-wrangling","README.md, THEORY.md, CODE_DEEP_DIVE.md, MATH_FOUNDATION.md, EXERCISES.md, QUIZ.md, FLASHCARDS.md, MINI_PROJECT, REAL_WORLD_PROJECT","","0"
"data-science","02-eda","","README.md, THEORY.md, CODE_DEEP_DIVE.md, MATH_FOUNDATION.md, EXERCISES.md, QUIZ.md, FLASHCARDS.md, MINI_PROJECT, REAL_WORLD_PROJECT","9"
"data-science","02-visualization","README.md, THEORY.md, CODE_DEEP_DIVE.md, MATH_FOUNDATION.md, EXERCISES.md, QUIZ.md, FLASHCARDS.md, MINI_PROJECT, REAL_WORLD_PROJECT","","0"
"data-science","03-exploratory-analysis","README.md, THEORY.md, CODE_DEEP_DIVE.md, MATH_FOUNDATION.md, EXERCISES.md, QUIZ.md, FLASHCARDS.md, MINI_PROJECT, REAL_WORLD_PROJECT","","0"
"data-science","03-feature-engineering","","README.md, THEORY.md, CODE_DEEP_DIVE.md, MATH_FOUNDATION.md, EXERCISES.md, QUIZ.md, FLASHCARDS.md, MINI_PROJECT, REAL_WORLD_PROJECT","9"
"data-science","04-feature-engineering","README.md, THEORY.md, CODE_DEEP_DIVE.md, MATH_FOUNDATION.md, EXERCISES.md, QUIZ.md, FLASHCARDS.md, MINI_PROJECT, REAL_WORLD_PROJECT","","0"
"data-science","04-time-series","","README.md, THEORY.md, CODE_DEEP_DIVE.md, MATH_FOUNDATION.md, EXERCISES.md, QUIZ.md, FLASHCARDS.md, MINI_PROJECT, REAL_WORLD_PROJECT","9"
"data-science","05-time-series","README.md, THEORY.md, CODE_DEEP_DIVE.md, MATH_FOUNDATION.md, EXERCISES.md, QUIZ.md, FLASHCARDS.md, MINI_PROJECT, REAL_WORLD_PROJECT","","0"
"data-science","06-causal-inference","README.md, THEORY.md, CODE_DEEP_DIVE.md, MATH_FOUNDATION.md, EXERCISES.md, QUIZ.md, FLASHCARDS.md, MINI_PROJECT, REAL_WORLD_PROJECT","","0"
"data-science","07-experimentation","README.md, THEORY.md, CODE_DEEP_DIVE.md, MATH_FOUNDATION.md, EXERCISES.md, QUIZ.md, FLASHCARDS.md, MINI_PROJECT, REAL_WORLD_PROJECT","","0"
"data-science","08-bayesian-statistics","README.md, THEORY.md, CODE_DEEP_DIVE.md, MATH_FOUNDATION.md, EXERCISES.md, QUIZ.md, FLASHCARDS.md, MINI_PROJECT, REAL_WORLD_PROJECT","","0"
"data-science","09-dimension-reduction","README.md, THEORY.md, CODE_DEEP_DIVE.md, MATH_FOUNDATION.md, EXERCISES.md, QUIZ.md, FLASHCARDS.md, MINI_PROJECT, REAL_WORLD_PROJECT","","0"
"data-science","10-clustering-advanced","README.md, THEORY.md, CODE_DEEP_DIVE.md, MATH_FOUNDATION.md, EXERCISES.md, QUIZ.md, FLASHCARDS.md, MINI_PROJECT, REAL_WORLD_PROJECT","","0"
"data-science","11-nlp-advanced","README.md, THEORY.md, CODE_DEEP_DIVE.md, MATH_FOUNDATION.md, EXERCISES.md, QUIZ.md, FLASHCARDS.md, MINI_PROJECT, REAL_WORLD_PROJECT","","0"
"data-science","12-ensemble-methods","README.md, THEORY.md, CODE_DEEP_DIVE.md, MATH_FOUNDATION.md, EXERCISES.md, QUIZ.md, FLASHCARDS.md, MINI_PROJECT, REAL_WORLD_PROJECT","","0"
"data-science","13-model-evaluation","README.md, THEORY.md, CODE_DEEP_DIVE.md, MATH_FOUNDATION.md, EXERCISES.md, QUIZ.md, FLASHCARDS.md, MINI_PROJECT, REAL_WORLD_PROJECT","","0"
"data-science","14-unsupervised-learning","README.md, THEORY.md, CODE_DEEP_DIVE.md, MATH_FOUNDATION.md, EXERCISES.md, QUIZ.md, FLASHCARDS.md, MINI_PROJECT, REAL_WORLD_PROJECT","","0"
"data-science","15-data-pipelines","README.md, THEORY.md, CODE_DEEP_DIVE.md, MATH_FOUNDATION.md, EXERCISES.md, QUIZ.md, FLASHCARDS.md, MINI_PROJECT, REAL_WORLD_PROJECT","","0"
